COR_SC 1131,COR_SC 1132,COR_CMT,COR_EDR,COR_EDR (LP),COR_ZP,DC Power Limit,COR_CHT,COR_LP,COR_SC 1141,SRV LAMDA,H2,Temp,Press
2293.356662,2789.402256,0.230394585,0.005509144,0.024595397,0.139081038,3.918164925,16911.30656,1906.512535,0.224354847,0.100423638,32.26551724,633,7360000
2327.973792,2654.097438,0.463207574,0.017685973,0.001503135,0.331454716,7.09010928,11464.34649,2583.577445,0.770091002,0.100134371,33.94298851,671,7380000
2229.495518,2728.87745,0.119570887,0.030270874,0.001139108,0.219393899,3.956614841,16847.73994,2036.271861,0.437037488,0.100793765,37.66149425,648,7400000
2169.838177,2711.497422,0.325962308,0.017823183,0.005905332,0.466482384,6.396841085,8032.071485,2540.804117,0.265412186,0.107669574,34.76678161,649,7380000
2454.066629,2416.023124,0.15007719,0.004228367,0.0093757,0.343950922,3.413674489,18880.58555,2298.552144,0.233114196,0.104236701,28.77195402,652,7380000
2157.928603,2423.728807,0.158060455,0.002021918,0.016421285,0.171284178,5.237637084,11540.94238,2780.718438,0.30579495,0.103095337,31.56149425,638,7380000
2175.022605,2556.160791,0.11461172,0.025801072,0.010504288,0.245718488,3.532933672,5684.961075,1623.582479,0.574268777,0.103026654,34.64241379,678,7380000
2329.388487,2640.571851,0.228931569,0.026381342,0.022746897,0.423525152,5.335958798,10794.11188,3243.410569,0.347613985,0.104575183,35.5591954,672,7380000
2335.912325,2560.934896,0.239971195,0.033231415,0.001560992,0.244234038,3.939196678,8500.876974,2761.31218,0.792432626,0.104121872,40.56862069,634,7380000
2456.125236,2543.395349,0.117939745,0.008857167,0.001054043,0.382875402,3.188108767,13004.31939,2439.381116,0.35044818,0.100373082,31.56804598,641,7370000
2368.885476,2727.660106,0.281273102,0.024423266,0.034376879,0.143235626,4.05637394,12714.85464,2570.577596,0.642320674,0.100000329,38.89977011,670,7390000
2418.002509,2773.897596,0.234972845,0.011998373,0.002207738,0.247795297,6.053476408,15028.78796,2863.699236,0.461937756,0.102505118,33.56724138,604,7390000
2362.830429,2745.233455,0.278312516,0.002283846,0.002123925,0.280834218,6.644530461,14117.57147,1804.239063,0.61000129,0.10346968,30.55264368,629,7380000
2158.754051,2732.345031,0.204426807,0.032207492,0.02671122,0.460858113,3.342225328,7146.268071,2115.99019,0.72656557,0.104025824,40.27908046,652,7380000
2459.906754,2537.564247,0.25257654,0.006121146,0.014449594,0.112833108,6.574160914,3344.356597,1943.546651,0.143271172,0.102091624,21.43588235,597,7370000
2486.202134,2530.791833,0.120451918,0.016366752,0.002780099,0.111461404,5.817061851,11698.2018,1537.303213,0.474353479,0.102314713,22.98329412,620,7380000
2485.109818,2743.738366,0.126889881,0.018399355,0.00863207,0.357087005,4.777516642,13080.42863,2107.135015,0.289286173,0.102534516,34.02804598,642,7380000
2492.638737,2420.908278,0.105718001,0.005076004,0.003041691,0.347779955,3.994945218,12264.12979,2764.721649,0.59209842,0.100233737,34.01137931,641,7370000
2443.380431,2674.149416,0.308468292,0.003020724,0.035381062,0.166220599,3.672226278,12382.99724,2547.461745,0.676524803,0.101940331,32.64574713,647,7380000
2373.631351,2761.364595,0.135839852,0.010201625,0.023451667,0.214849395,6.544540378,13827.40618,2130.824485,0.810723676,0.108396264,37.16551724,665,7380000
2548.760042,2785.547318,0.463882406,0.003466042,0.023918444,0.126821282,3.076928378,12601.44663,2159.210357,0.742211012,0.101291625,32.98563218,643,7370000
2462.541694,2593.326873,0.263843206,0.003363416,0.00111927,0.267403789,5.95090911,12673.94982,3424.905053,0.378067941,0.106927836,28.88724138,655,7380000
2452.439131,2736.136751,0.119150578,0.002417221,0.007331043,0.107419856,6.458564789,13189.84394,1899.660274,0.892902088,0.105342577,31.22988506,637,7370000
2109.11726,2433.758564,0.302276212,0.024187307,0.002384051,0.1039691,4.417870653,11916.03886,2086.339743,0.389570323,0.100016255,33.72298851,647,7380000
2141.397135,2495.384732,0.470167844,0.03012774,0.037053737,0.362591943,6.004188099,6293.259704,1952.828211,0.191268881,0.10007582,34.09241379,671,7370000
2410.183015,2444.758271,0.160092737,0.004163374,0.052384109,0.365259428,4.540845257,9359.13919,3434.471505,0.228203834,0.100313551,32.74804598,641,7370000
2339.735532,2498.148469,0.412001159,0.002636625,0.014810273,0.297200634,4.182591878,7247.403591,1809.918204,0.563019028,0.100032387,31.19896552,627,7370000
2532.107824,2437.988274,0.14191199,0.004365168,0.001900238,0.250277334,3.890450495,2765.72887,3463.664491,0.468374506,0.100736293,30.64816092,647,7370000
2347.189422,2679.244544,0.107340386,0.010062813,0.008100086,0.393459539,4.887180898,9844.94388,3592.885328,0.413393579,0.10000344,7.656375,562,7370000
2381.228642,2490.376349,0.1772363,0.025021502,0.007742781,0.123020089,2.636176106,6151.543967,2046.554139,0.352474117,0.101648701,34.87218391,641,7370000
2206.845002,2403.685376,0.314227259,0.0023536,0.026096011,0.150218471,5.53446659,10608.24231,2072.248755,0.499516763,0.10136058,31.39252874,635,7370000
2500.734828,2554.015724,0.130592977,0.006207679,0.002808042,0.197921443,3.048215365,10541.76547,2027.990579,0.458621143,0.11249054,32.73862069,658,7380000
2527.224424,2575.170999,0.218115838,0.007069586,0.058708288,0.159798263,6.01732368,13018.38139,2431.838162,0.286410788,0.113772349,33.1345977,615,7370000
2371.22626,2698.255093,0.111063486,0.046470213,0.010874928,0.336683419,4.235866826,5397.199108,2748.783594,0.345338608,0.102189369,35.04505747,661,7400000
2285.455894,2441.819336,0.420611671,0.023171445,0.001715132,0.212025124,6.251000631,7726.904653,2807.659171,0.614240024,0.1049815,34.59804598,666,7380000
2376.318135,2576.880242,0.343520014,0.012423579,0.030607052,0.387454438,6.102815471,18650.94074,1885.621802,0.284161661,0.100614405,35.40597701,610,7380000
2136.559066,2518.335185,0.345256704,0.04483231,0.020890334,0.105329379,4.218529811,8320.074862,3161.113069,0.309028789,0.100007016,34.40413793,674,7370000
2098.157577,2435.667421,0.13294153,0.041390666,0.003942064,0.138214292,4.788328702,13981.21958,1980.327842,0.199188286,0.10177293,34.43804598,676,7380000
2512.936545,2740.154715,0.291684015,0.004634283,0.006086582,0.295585642,7.553359209,17215.48312,1762.128248,0.27516772,0.101151895,2.916103896,562,7370000
2186.29166,2670.524173,0.104224989,0.002503118,0.005547182,0.264323049,4.650747776,20017.08972,3254.999472,0.638101611,0.101480332,2.928701299,562,7370000
2482.092182,2427.388899,0.147694013,0.017436592,0.001027636,0.442963355,6.314165807,9571.888328,3191.100122,0.439989409,0.101052058,36.09448276,643,7380000
2470.639443,2720.566663,0.153484722,0.002316316,0.004517088,0.478546802,2.935028572,10026.8203,2205.688075,0.550756248,0.102771556,31.75310345,624,7360000
2448.516186,2632.231147,0.260024475,0.002938529,0.002145226,0.220933144,2.46564111,15668.13456,2732.255134,0.485977047,0.100179283,29.44390805,650,7370000
2237.008548,2684.048665,0.216810318,0.043943826,0.003122304,0.286783971,3.375653856,4271.029955,2376.839659,0.237298118,0.100239198,34.70482759,686,7370000
2171.759645,2583.495266,0.257204042,0.003851256,0.007172458,0.101954726,5.753522358,13265.57788,2525.382788,0.183298567,0.100058874,30.02965517,634,7360000
2251.021591,2675.104717,0.177824029,0.021216529,0.001730911,0.197591963,2.984873622,8906.577141,3710.801402,0.237498087,0.100283628,34.23528736,692,7370000
2116.764357,2413.077177,0.116511607,0.004075846,0.005187891,0.400889413,5.606796265,6721.405959,2265.997904,0.248584611,0.110977266,31.05793103,673,7380000
2297.890648,2634.762821,0.294454617,0.00445236,0.057071336,0.136584112,4.637055556,5623.914185,1715.847436,0.874251412,0.101663719,32.78413793,645,7380000
2404.481512,2722.947262,0.498182307,0.004714851,0.003478246,0.130873206,4.216370085,11599.64023,1747.592946,0.217249592,0.104746307,31.6708046,640,7370000
2342.717254,2475.976567,0.385137166,0.012085271,0.006581947,0.200714512,4.934919983,11623.57458,3333.796062,0.217113928,0.100345504,33.30770115,676,7370000
2276.44212,2470.45413,0.20745418,0.007442643,0.004897358,0.256112741,4.666025206,8691.570467,2723.775408,0.501731886,0.128373431,34.54666667,648,7380000
2305.934385,2671.619058,0.18495986,0.003883631,0.001317476,0.323854179,2.588127836,5320.581459,1888.046794,0.372732737,0.107362773,29.65436782,625,7380000
2182.585663,2730.854247,0.131691085,0.037999213,0.00294642,0.203937306,4.964585577,5873.766785,1933.648653,0.397838476,0.100823051,35.80413793,653,7380000
2465.139762,2500.160398,0.187832563,0.009329605,0.001248772,0.258978623,5.688155755,8186.685246,1753.620142,0.481180647,0.103722918,33.34103448,663,7370000
2525.920141,2682.599132,0.100440767,0.007703982,0.031728165,0.10980733,3.470158855,8424.492826,2420.164964,0.165742292,0.100664735,32.18183908,634,7370000
2547.311006,2620.520148,0.410098435,0.010589395,0.013890325,0.173877117,7.297288096,6070.682144,3203.967878,0.445755183,0.10038405,31.65505747,655,7380000
2242.05748,2713.430885,0.493275246,0.018639769,0.027686961,0.389177737,4.590927872,11858.86598,2253.426164,0.241318968,0.100071663,33.04264368,682,7400000
2378.984823,2542.424996,0.195804328,0.003602129,0.010338596,0.165220139,3.630749126,6545.097569,2743.306961,0.361114072,0.102612645,2.194078947,562,7370000
2369.324125,2646.52087,0.220893859,0.008936805,0.001223883,0.31259843,3.444987637,20632.02845,2405.291711,0.207312373,0.102977132,31.19310345,672,7380000
2227.427837,2429.481867,0.275213971,0.033945087,0.014968812,0.154077529,2.839062226,12772.72831,2080.835743,0.721522237,0.101119023,36.02344828,694,7370000
2421.581746,2742.385476,0.402281059,0.0495442,0.00133771,0.340328758,5.107495745,15955.18593,2120.074312,0.184544575,0.108154495,33.90770115,668,7380000
2103.224488,2690.140219,0.106558526,0.012826774,0.015422366,0.131829907,5.095494133,14509.27269,1825.752974,0.547418506,0.100036336,35.59206897,653,7380000
2366.355701,2793.153732,0.183327471,0.005878656,0.01214023,0.156484331,2.544635037,8531.205963,2318.661835,0.201155674,0.10004631,31.86471264,649,7370000
2357.761101,2455.857711,0.105109482,0.014681668,0.003195238,0.143622622,5.124196792,8821.770493,2690.901139,0.552723046,0.100343634,37.5608046,655,7370000
2281.418919,2628.95767,0.306475474,0.005840284,0.054038696,0.449092608,5.365531415,9903.500725,3473.798037,0.406899038,0.104396968,32.38068966,635,7380000
2441.60832,2527.588722,0.156490378,0.028108291,0.022123734,0.279586926,3.798594467,8269.579764,1582.631599,0.344024241,0.101492759,34.45896552,670,7390000
2534.562407,2466.259219,0.475186948,0.020076203,0.016173617,0.205999448,5.503806522,6669.995931,3127.128071,0.694983451,0.100696243,34.74103448,667,7380000
2499.550753,2465.68021,0.4581344,0.005571248,0.004417691,0.372314663,6.213231828,3207.638467,2446.943402,0.365177396,0.100021354,31.56356322,646,7380000
2478.506026,2461.695536,0.175759115,0.035527354,0.00191414,0.190308688,4.119584843,11380.43881,2249.49308,0.337259077,0.100474928,34.05862069,664,7380000
2387.797896,2597.369786,0.256048526,0.00789083,0.045691769,0.115123737,3.601556025,13576.49526,2395.465513,0.259919127,0.1011966,32.2645977,599,7380000
2208.317171,2458.603546,0.277214025,0.003422661,0.001305227,0.391901658,4.316440776,7585.926319,3935.403954,0.356647267,0.100407254,29.64827586,627,7390000
2222.19382,2488.38991,0.191184555,0.02225746,0.048285037,0.104917715,3.747765872,13666.86513,1982.884718,0.497570061,0.108593594,36.9645977,646,7380000
2425.012435,2659.338447,0.112510368,0.045597276,0.028029652,0.114007032,5.298855204,8867.453239,3557.096852,0.827574423,0.104642844,41.27045977,643,7390000
2197.084179,2493.322579,0.251155367,0.015604573,0.055376247,0.195487583,5.967815875,7558.951098,1689.501205,0.621059899,0.100992506,8.075875,562,7370000
2187.808392,2678.26825,0.202800121,0.004844515,0.002461707,0.229671836,4.673595787,11110.84145,2604.103344,0.662169603,0.102045798,12.23670732,598,7360000
2488.58196,2454.695338,0.12207973,0.010392421,0.017343,0.190999472,5.349825714,7919.090242,3313.573137,0.849233038,0.100161178,37.04896552,662,7380000
2217.84281,2695.293073,0.318191415,0.002157699,0.026985461,0.141003573,3.402425603,9627.042371,2415.298907,0.392058906,0.106645091,30.59827586,639,7380000
2449.286942,2737.384938,0.221929393,0.003302614,0.018614191,0.217747702,5.681038943,17436.66467,3137.83177,0.30394536,0.10122898,31.91770115,630,7360000
2352.197714,2723.46214,0.149348094,0.026915836,0.025668145,0.433472142,3.724735711,13509.45477,2388.353016,0.805626312,0.102384833,36.92229885,658,7400000
2476.069787,2639.01225,0.116283095,0.011413328,0.020127698,0.213736913,4.17287902,5904.10753,2620.650678,0.19668903,0.101240679,32.31942529,659,7380000
2304.085667,2567.524277,0.334926579,0.006233006,0.008444211,0.316026886,4.704767047,12037.47244,2196.90905,0.214729336,0.100010023,31.97827586,657,7380000
2439.172108,2688.42966,0.40409269,0.002591282,0.043426147,0.379076816,5.465736999,15239.38525,2327.322383,0.627889678,0.102007458,30.9816092,627,7370000
2178.068294,2606.001897,0.171193978,0.003349569,0.015236824,0.119772636,4.915073754,7846.493896,1723.633394,0.341855803,0.100557357,29.26482759,647,7370000
2145.67345,2535.332987,0.438351228,0.003107108,0.001036101,0.185540246,6.910169953,13708.95556,1364.496924,0.619645802,0.101391938,14.1786747,596,7380000
2286.858704,2636.051205,0.16944339,0.003140384,0.012449462,0.121938562,7.176663599,19291.3996,2837.575669,0.731578948,0.102212642,30.91494253,643,7370000
2262.751311,2464.223713,0.140752764,0.023928035,0.042157872,0.158794889,3.772539221,10361.1832,2537.243469,0.653058976,0.10000243,37.14586207,667,7380000
2538.438008,2794.491057,0.110128993,0.006553932,0.002169008,0.177040379,6.502927023,14671.73654,2818.109775,0.162804215,0.100924447,32.27735632,602,7370000
2300.3597,2725.819599,0.219309686,0.004487448,0.003011582,0.181858313,5.143682825,10162.67217,3091.93455,0.269209516,0.102065539,30.8016092,633,7370000
2233.233799,2451.453126,0.138183292,0.002819016,0.001007646,0.269093301,7.228807528,9127.850143,2092.905029,0.377999495,0.100131534,29.94781609,629,7380000
2395.793072,2479.454801,0.243739819,0.009136393,0.004056557,0.253747459,5.795124934,5039.54864,1421.241478,0.257172213,0.102879092,32.85793103,661,7390000
2536.143122,2478.012548,0.351925857,0.022639309,0.002258634,0.270876638,3.908326834,6327.394493,2469.627149,0.427182646,0.107155271,34.18229885,689,7370000
2419.941426,2686.64565,0.393086333,0.012197974,0.01695736,0.170651099,3.562171382,17325.87586,2291.934111,0.483937823,0.104926852,37.07448276,652,7390000
2263.998519,2558.957377,0.160656321,0.002865556,0.011522812,0.150744621,3.969073546,4515.542933,2519.675677,0.7508085,0.100443362,31.67793103,664,7380000
2390.988069,2431.077279,0.265664273,0.002807804,0.002606302,0.223017311,4.993661454,12497.68973,2854.926602,0.280946425,0.105452847,30.23896552,640,7380000
2259.494103,2704.412515,0.333439792,0.021544952,0.038518883,0.228183146,3.330306881,11185.73099,2516.291567,0.131977017,0.101524368,33.82609195,678,7370000
2398.442335,2773.300168,0.223491922,0.009495929,0.009845609,0.134914971,4.549498662,12142.57535,1964.944346,0.86731734,0.122520518,37.95390805,645,7380000
2427.568634,2580.34407,0.174700739,0.002995292,0.034130911,0.431138141,4.718616658,6947.463751,1587.958529,0.295122017,0.100114494,2.921038961,562,7370000
2322.541055,2630.272832,0.243450406,0.005182464,0.039455665,0.175467879,4.333157624,10435.86894,2147.808388,0.418565241,0.113141733,31.64310345,660,7380000
2291.768118,2749.698443,0.109000988,0.006382861,0.004363014,0.36901634,5.62782086,16134.87841,1777.832823,0.381167561,0.106552931,13.34158537,562,7380000
2510.248264,2654.384503,0.215845628,0.003985705,0.047208353,0.340198718,3.011602511,9279.495625,1914.083117,0.15390534,0.100305887,30.50505747,627,7370000
2406.100616,2442.517654,0.266201039,0.003559357,0.033510174,0.109174229,3.152077286,6591.236443,2109.884355,0.29110305,0.105972152,29.87781609,646,7370000
2162.848594,2786.017214,0.129405152,0.01185149,0.001965496,0.377969407,4.573006088,8459.112793,2099.823784,0.458000059,0.10015141,10.61777778,562,7380000
2359.940072,2797.504124,0.11278404,0.007380933,0.013490441,0.272789438,4.302105117,16529.68505,2561.707901,0.578221294,0.100211305,36.52264368,655,7380000
2239.095216,2568.918864,0.444675707,0.022349289,0.013432303,0.243432363,4.360447777,6967.332754,3293.603189,0.338935363,0.100789833,33.55126437,696,7380000
2221.4084,2414.193558,0.100808416,0.004559286,0.011241254,0.174900404,3.649595778,10283.41851,1785.640616,0.566352723,0.100198921,31.69494253,643,7370000
2214.102945,2752.002999,0.290093992,0.00721167,0.00176777,0.445072157,2.724832317,14020.10048,1852.0697,0.441792198,0.100005779,33.74908046,621,7380000
2323.782117,2483.422534,0.140599993,0.003767519,0.002030972,0.262402746,4.477799406,6825.563925,2404.447679,0.225899308,0.112045399,2.908701299,562,7370000
2156.123888,2447.901484,0.165573183,0.024812667,0.03015149,0.276272122,6.112984747,9164.135494,2828.57478,0.388559072,0.104093599,34.74908046,684,7380000
2278.594907,2528.813566,0.381592789,0.005741267,0.025290907,0.183081574,4.140631699,10972.75345,2238.054582,0.508053212,0.110257258,33.42574713,657,7380000
2422.917519,2747.872099,0.180177216,0.040118005,0.002294888,0.375368064,3.47179599,10047.19462,2016.064184,0.277451465,0.101894859,37.68264368,631,7380000
2433.331634,2403.123203,0.111904998,0.030592608,0.035100332,0.474033461,4.829161417,7104.288665,2609.81584,0.299560781,0.101100709,38.41298851,660,7380000
2299.555763,2690.380428,0.359231893,0.004268952,0.001438277,0.110061506,3.811567554,8633.752273,2219.430402,0.750466515,0.111503505,32.61850575,643,7370000
2115.295319,2472.436537,0.399356772,0.006749151,0.008860048,0.322569564,5.923662137,9703.12769,2713.169423,0.21191582,0.114418436,9.960493827,562,7370000
2463.239929,2758.910898,0.312573467,0.006514635,0.008207681,0.125441911,4.685297884,7800.802483,2910.471778,0.32350531,0.100051772,29.50183908,648,7380000
2504.372864,2532.149793,0.101526798,0.047927569,0.040200195,0.231732845,7.453685362,8663.440697,1555.565352,0.671616783,0.100004452,44.89287356,663,7380000
2337.452908,2586.374801,0.167160797,0.006069308,0.011000978,0.16211673,4.256929293,8124.373508,2945.291398,0.174040316,0.100707557,31.23,620,7360000
2543.761113,2506.041734,0.241710921,0.038733611,0.04540821,0.411273695,4.277930043,10960.61614,1727.927246,0.528871859,0.101847721,33.93298851,657,7380000
2408.753018,2508.088768,0.194265063,0.003229916,0.032799118,0.123630856,3.317160508,8589.380565,3073.965034,0.705939112,0.100018779,33.25172414,631,7360000
2134.828557,2563.80233,0.192881494,0.023141618,0.003397693,0.351286462,4.355269078,3051.647217,1674.143165,0.678442498,0.103233738,40.36758621,673,7390000
2307.429612,2780.141289,0.43207741,0.019360975,0.011397943,0.12794847,3.83321368,7524.627126,2845.90355,0.428977618,0.100760381,33.72390805,660,7360000
2515.975099,2417.445693,0.479400111,0.028399122,0.003773602,0.135747747,4.288122023,16697.6785,2630.935742,0.359021422,0.102428314,34.82229885,632,7380000
2382.818208,2558.291135,0.42327953,0.002744108,0.001783025,0.193583213,5.596082863,3662.683688,3224.941856,0.635155415,0.104296197,3.900128205,562,7370000
2428.549056,2754.704986,0.154867749,0.002542708,0.004260341,0.410795356,3.847568087,10193.10145,2218.655792,0.262494959,0.100000002,2.920909091,562,7370000
2480.415387,2709.831395,0.29365088,0.00480742,0.019200357,0.141641547,6.324497761,4892.763319,1875.137853,0.449779432,0.109302153,32.59413793,644,7370000
2124.182282,2457.175859,0.166161082,0.021850405,0.01281633,0.437837012,5.016036238,11282.76862,3052.065107,0.410557568,0.102814418,35.55574713,631,7360000
2516.77206,2644.194686,0.122797331,0.029681908,0.001946495,0.187321158,2.910032053,4640.074818,2961.60143,0.473053142,0.111723531,35.64724138,679,7380000
2354.167153,2768.561504,0.303853746,0.011514298,0.041132418,0.208166875,3.510478981,5819.089769,2058.617136,0.589899749,0.100091491,36.30816092,648,7380000
2205.607889,2467.551754,0.183210616,0.002143545,0.003844169,0.100263713,3.896407023,13284.89691,2985.026492,0.171416896,0.103419549,27.12563218,644,7400000
2247.574654,2573.562023,0.135159449,0.039518944,0.014366185,0.117537891,3.760537031,16027.3766,3067.342472,0.251327098,0.100087962,35.12183908,677,7380000
2195.001335,2714.305587,0.371288985,0.033709377,0.005475215,0.147516995,4.881179803,4440.397354,2023.123655,0.176473659,0.102255613,35.40597701,674,7380000
2112.811993,2759.94922,0.127767815,0.031200617,0.001615458,0.12901837,3.716948859,5233.482138,3299.957999,0.735205893,0.11540797,39.71816092,666,7380000
2512.312373,2719.618551,0.338610965,0.048519877,0.001157785,0.230212643,4.755650398,7456.401896,2668.89081,0.157531175,0.101616747,36.52735632,635,7390000
2490.270389,2657.808903,0.121217137,0.021084977,0.002329822,0.211232514,3.654523282,14565.89014,2165.61102,0.42090655,0.101980964,34.1545977,683,7370000
2482.749009,2590.799268,0.327807159,0.005986926,0.049584882,0.169254688,4.163789477,15819.95143,2234.636725,0.688613654,0.100575086,35.07931034,661,7390000
2386.914273,2716.144507,0.4163942,0.014355906,0.004156706,0.465859878,4.443258606,9974.225313,2337.157683,0.205511742,0.100640248,36.46287356,612,7380000
2151.999725,2765.468178,0.3222215,0.034641695,0.051820478,0.360159527,7.828025278,4816.094428,3672.855182,0.451054727,0.101422004,39.5083908,626,7390000
2146.398154,2526.696638,0.285260527,0.025406642,0.00455618,0.450242657,3.129792345,14700.13163,1842.332829,0.382943919,0.100253856,36.70241379,667,7370000
2493.759777,2702.233732,0.168099631,0.018980221,0.001269135,0.49492012,4.081207735,10856.62666,1476.642607,0.311985197,0.100187842,35.75344828,623,7390000
2184.07605,2646.076817,0.424650264,0.002413213,0.029337101,0.306436947,6.081529061,4018.767993,1509.681851,0.209025036,0.100954191,2.915844156,562,7370000
2351.059941,2445.814881,0.11508381,0.009036042,0.005015432,0.116820001,4.045480353,12107.4966,3111.693953,0.644341669,0.104783506,34.17,663,7380000
2532.697812,2624.059691,0.348581907,0.003688852,0.020268123,0.148133234,4.002416359,21095.0217,1606.522928,0.160346696,0.100083082,29.61448276,582,7370000
2138.227822,2770.379312,0.486020861,0.032602833,0.001198824,0.168441751,2.529225504,10623.74412,2958.677254,0.524345386,0.100156814,37.49298851,646,7380000
2312.860095,2611.484097,0.151440894,0.013499321,0.008563778,0.252136645,4.750342084,6220.418131,2174.021888,0.525078234,0.10024925,34.56689655,668,7370000
2474.59293,2552.772884,0.272225285,0.044163194,0.002067216,0.19509645,4.399205757,14344.10399,2055.215225,0.332584024,0.104347258,33.21275862,688,7360000
2400.700945,2578.545112,0.14508733,0.020387135,0.014064777,0.105976448,6.808514491,8258.237876,2806.513693,0.37107927,0.107460621,35.57931034,657,7380000
2128.120886,2799.64375,0.109307137,0.002129045,0.002008065,0.32939279,4.610082018,7620.405468,2006.732185,0.254000813,0.100039948,2.914025974,562,7370000
2415.82171,2453.250996,0.200549449,0.037685434,0.00562168,0.345254137,5.184061746,16654.12609,2481.267237,0.276558198,0.105989258,36.33885057,636,7380000
2254.432181,2624.481128,0.261308408,0.016222083,0.018392194,0.101401687,4.999191467,14190.89974,1831.800383,0.442762295,0.100223043,36.5445977,656,7370000
2111.315514,2777.955757,0.23345003,0.003153116,0.019715843,0.224811606,3.856717709,6899.845644,2150.915762,0.586023726,0.106766079,31.58172414,612,7370000
2258.345463,2703.414221,0.148675719,0.003907778,0.005361906,0.140465946,3.535944398,6357.314761,2920.77412,0.319375643,0.11987251,30.6891954,655,7360000
2375.0034,2599.288905,0.282142076,0.013405656,0.004717749,0.119155267,6.827667251,7206.335949,2891.727667,0.910597827,0.100888002,35.57402299,648,7380000
2231.33725,2522.966256,0.427787786,0.007762778,0.016044398,0.284976054,5.210623414,15270.59345,2683.303723,0.555911033,0.100492252,33.08816092,660,7370000
2108.446414,2584.20426,0.349327316,0.026080977,0.05069383,0.249700968,5.395156944,20398.92475,1497.012224,0.578631518,0.100751446,39.84206897,672,7390000
2272.749976,2595.883303,0.310769605,0.013194742,0.001585643,0.298072281,2.222817036,14435.70137,3504.228588,0.320112442,0.10514003,33.62563218,614,7390000
2177.142229,2733.277044,0.158631161,0.036643718,0.028406689,0.427280792,5.893322403,8961.438709,1562.298533,0.491809523,0.101574714,39.15206897,664,7390000
2473.117229,2525.090428,0.386288804,0.002203417,0.003584343,0.23315546,4.804752131,8734.0219,2888.063105,0.220887185,0.100393239,29.6154023,627,7380000
2268.743305,2484.940794,0.146646795,0.042877886,0.007465132,0.318498184,6.349604399,9801.175401,2351.935473,0.405575168,0.100326932,35.44034483,642,7380000
2506.872082,2651.134313,0.125210908,0.010890808,0.021771854,0.310900772,3.500419183,5091.003344,2791.570424,0.226473526,0.101026599,32.87781609,675,7380000
2342.336473,2486.398921,0.139612218,0.02936119,0.001696143,0.234629962,4.467407246,3598.130674,1817.509664,0.189750536,0.109654288,37.1245977,662,7390000
2521.964842,2406.349916,0.132409849,0.010814168,0.00129213,0.221553184,5.155055592,4177.025331,1996.855818,0.991208984,0.100175397,13.9939759,576,7370000
2130.640635,2408.979664,0.270078656,0.002532644,0.002541667,0.301139806,3.020921211,7993.768969,1457.699274,0.178338683,0.10144147,31.10356322,643,7380000
2149.267653,2509.066446,0.143693565,0.003052864,0.015644065,0.160555283,5.737015573,17583.72792,2365.086942,0.334197132,0.100053969,34.23367816,646,7370000
2133.048065,2660.596735,0.336485502,0.009569501,0.009289381,0.327475062,3.949149978,10115.39482,1974.774842,0.478148912,0.100463448,28.75011494,645,7380000
2469.463597,2784.136345,0.37543235,0.004970835,0.004648821,0.156813276,5.558095579,4710.809417,2490.151871,0.327035514,0.103899993,32.27402299,653,7380000
2503.858321,2503.274603,0.186319641,0.012524354,0.004229805,0.421231301,5.486284605,14818.16288,2187.744912,0.121062479,0.102655305,35.94770115,667,7390000
2361.02807,2449.637366,0.320548613,0.043450551,0.007017992,0.217155292,4.322661752,9784.974634,2207.568213,0.470483195,0.100970768,33.52528736,674,7370000
2219.905255,2664.002169,0.197090885,0.016536977,0.037893326,0.191933728,3.820464813,6848.795716,1871.151085,0.329083385,0.105749522,34.32873563,673,7400000
2495.323279,2605.321786,0.125597662,0.041276032,0.032565261,0.259565002,3.426392287,12294.69745,3365.329416,0.20447583,0.103157361,36.41931034,665,7370000
2274.567825,2561.884084,0.198232343,0.015741403,0.006936499,0.289941005,3.618574805,14888.26787,1661.872733,0.40045317,0.100436044,32.9062069,657,7380000
2181.223539,2440.681325,0.114159616,0.014178014,0.001849297,0.206646913,4.567465894,7940.650556,1865.229558,0.18793471,0.100041774,30.40241379,628,7360000
2244.469384,2681.254169,0.489589383,0.002884809,0.001531448,0.426117664,5.255505889,7065.900175,2012.771008,0.21033431,0.101329591,13.23939024,579,7370000
2521.617079,2540.87617,0.206022211,0.006865476,0.059567712,0.333957816,3.112219564,6741.343933,2640.514299,0.386455343,0.100829415,32.92402299,674,7370000
2257.497162,2517.258807,0.258951242,0.041946356,0.001413799,0.146857253,4.812793029,11057.94873,2259.18007,0.267023434,0.102933497,35.84034483,664,7370000
2412.016504,2547.122309,0.16434125,0.036244271,0.001086876,0.30829268,5.28446844,12876.68052,2772.697366,0.531835416,0.109885719,33.70413793,620,7380000
2310.857848,2533.750814,0.187996865,0.006719042,0.025090454,0.100828388,5.715610107,11152.75358,1892.709413,0.243677576,0.103917949,33.42816092,619,7370000
2198.497465,2519.517707,0.476498012,0.00542686,0.003530151,0.199245161,4.493660444,5589.152488,2140.736205,0.818810246,0.10699547,12.55146341,581,7360000
2160.762668,2495.889073,0.442579721,0.006438271,0.001449728,0.314745339,7.600263612,9006.60637,2475.904297,0.316625722,0.100023878,35.17448276,677,7380000
2167.924518,2706.054082,0.199433277,0.047137833,0.046668559,0.1839923,4.72630101,9090.683078,1392.832213,0.142002851,0.110548929,31.61850575,656,7380000
2121.286244,2769.02036,0.368373319,0.008086911,0.001114697,0.186516556,4.621010437,9427.265867,2437.372255,0.355716403,0.100110306,32.73241379,658,7390000
2432.959141,2650.027643,0.247495949,0.017274139,0.005304795,0.126159414,5.080327285,19690.32855,3222.123457,0.330221295,0.100500008,33.80517241,597,7370000
2331.581133,2648.967487,0.469382165,0.005369778,0.003375857,0.10715092,5.851896407,15392.69247,3403.733094,0.899738211,0.100878178,35.24114943,662,7390000
2316.286135,2615.645947,0.364324863,0.011079755,0.006252429,0.149680287,2.075639463,13348.91868,2932.140014,0.710456929,0.10820855,30.02367816,633,7380000
2345.88828,2601.599793,0.214308857,0.002041517,0.008887159,0.263856644,6.282089861,15533.77872,2976.52493,0.30229632,0.100001158,30.51045977,637,7370000
2414.736217,2637.104693,0.447897458,0.002258707,0.031556572,0.133113135,2.861691612,2326.626024,1791.175455,0.412244476,0.100635417,35.04816092,669,7380000
2213.071269,2791.797039,0.173781457,0.015916252,0.023266111,0.237797756,5.874019345,7881.120255,2339.183063,0.513539301,0.101721865,38.17183908,675,7380000
2355.390488,2795.745242,0.128397481,0.048754629,0.003310526,0.111308479,6.742647407,8767.597631,1693.13197,0.656499331,0.100012842,32.37689655,658,7380000
2200.305372,2609.678984,0.201764621,0.01007063,0.036377373,0.154691926,6.148795249,11987.91295,3271.077427,0.202314744,0.100141144,34.08068966,628,7380000
2280.364669,2669.021273,0.10194224,0.003509601,0.044887406,0.483525704,4.508788717,13428.49955,2875.646431,0.325470383,0.10029177,33.36965517,659,7370000
2192.427765,2592.882449,0.361557942,0.008508849,0.009982225,0.349820261,6.179994896,6491.228763,3145.40742,0.608042796,0.101571486,36.33988506,649,7380000
2106.505035,2538.609847,0.145737288,0.013724696,0.016725929,0.164328725,2.878340202,3846.497704,2303.546185,0.596953478,0.102686219,35.79425287,647,7390000
2173.733471,2735.088996,0.274363014,0.007951974,0.003157601,0.403408445,2.668194614,8081.930487,2704.104159,0.487840414,0.100001237,31.32942529,653,7380000
2315.814504,2787.587601,0.124718856,0.00569164,0.029676429,0.180208044,6.193271077,18239.65535,2677.099219,0.240192004,0.117011688,35.94103448,663,7370000
2203.222127,2603.677305,0.163212003,0.016926778,0.001831328,0.209676893,5.071112438,12194.33125,2558.917142,0.544231451,0.106316142,32.52471264,620,7370000
2467.404828,2411.760643,0.23866007,0.007248444,0.022501084,0.116045841,6.625388837,14943.10454,1445.900652,0.255259479,0.105589715,33.21390805,655,7370000
2333.695636,2570.695373,0.108513361,0.004962923,0.053298282,0.454025142,3.206327801,18065.59363,3034.108762,0.760618336,0.104475668,33.80850575,673,7390000
2310.266691,2437.454862,0.357821976,0.015152881,0.012894867,0.239725151,4.380501364,5425.139572,3390.615302,0.281566257,0.100029902,35.12137931,663,7380000
2524.126106,2459.636276,0.393575718,0.027595119,0.003623141,0.332083603,3.243888679,11722.08254,1833.435836,0.220223985,0.100098042,33.92287356,677,7370000
2349.348191,2599.121417,0.232641579,0.020877166,0.004818796,0.137184509,4.92160802,10716.58036,1669.362957,0.511482565,0.100027426,31.59954023,619,7370000
2528.891889,2613.194145,0.397890708,0.009292734,0.008048437,0.11802013,4.954161502,9294.584775,2505.277764,0.181797695,0.100856756,34.20724138,676,7370000
2125.595554,2776.28726,0.227343028,0.023652949,0.002445003,0.188572028,5.049670692,10903.98502,3643.178697,0.288443861,0.105817549,34.91022989,660,7370000
2389.977965,2618.360953,0.299322253,0.031445461,0.001365552,0.108292921,7.061633459,15493.30405,3104.980747,0.234473327,0.102851824,29.17758621,640,7370000
2296.3282,2548.897996,0.103265649,0.002068575,0.00165959,0.28774986,6.86931822,12416.6275,3170.470748,0.245814393,0.101878662,33.49517241,662,7380000
2253.925528,2763.35864,0.136425625,0.014751161,0.017442939,0.294088323,6.676909608,7661.541541,3790.931113,0.367530348,0.100208004,10.62432099,576,7370000
2153.644978,2657.216314,0.142845751,0.031903301,0.011884415,0.397730794,4.253616111,6419.248733,2195.184774,0.465245578,0.100000209,30.63068966,617,7370000
2318.812097,2692.017374,0.103096348,0.002657483,0.005680153,0.178894249,5.269785596,4353.13161,1275.654424,0.582459907,0.108898365,30.07862069,583,7380000
2099.963313,2482.136129,0.162248319,0.005256755,0.004029574,0.103091367,2.715772334,11248.34128,2322.89217,0.13739209,0.118026932,35.30770115,662,7390000
2248.715409,2665.931489,0.296343427,0.010464371,0.002901118,0.144718928,4.116144911,17659.4994,2995.517983,0.800707623,0.118496305,2.195263158,562,7370000
2334.173758,2753.974323,0.451360933,0.005348427,0.00164012,0.157832197,4.517109644,13795.94045,1708.340445,0.230468929,0.101813468,37.16022989,681,7390000
2302.006207,2426.282116,0.212238717,0.046343691,0.006411241,0.273457514,4.097671077,18507.15019,3353.544219,0.558895633,0.105239026,34.52954023,666,7390000
2142.606703,2409.766875,0.324587741,0.009851084,0.001387737,0.120259326,4.452945562,17913.38763,1853.678558,0.767473634,0.10067763,35.03172414,624,7380000
2190.083417,2501.36415,0.123679545,0.004156827,0.01824029,0.417727609,5.650801487,14265.11581,1768.944482,0.570870067,0.103517338,30.38517241,669,7370000
2118.077941,2400.719043,0.245294574,0.002678909,0.005819322,0.385913764,4.193344655,7742.944446,2226.531556,0.605200748,0.100603482,34.34413793,673,7370000
2435.283069,2470.794716,0.152241674,0.013807402,0.009037984,0.40530025,5.414676577,18327.78834,1935.148226,0.493454995,0.101723532,33.27735632,672,7370000
2546.083887,2420.067548,0.433946514,0.014946714,0.00614736,0.172332849,3.300939115,9204.749937,2495.238358,0.269958443,0.102582376,8.195625,562,7370000
2437.490057,2589.489251,0.285095604,0.014088972,0.042053302,0.458768547,2.967288481,10694.36946,2586.482603,0.778917788,0.126649609,37.94781609,656,7390000
2540.713682,2544.351373,0.43697711,0.026958515,0.006695985,0.114807873,3.871328775,7382.595551,2268.902073,0.518126801,0.100011157,31.9237931,659,7370000
2392.613503,2626.188998,0.170814751,0.004041283,0.009771056,0.485142303,4.386633994,8156.934102,2349.193885,0.1686761,0.102305764,39.83229885,624,7380000
2129.834523,2642.970079,0.373961329,0.040797941,0.01231078,0.472245005,2.770641639,19607.60871,3038.756663,0.786700721,0.100941461,33.13471264,633,7390000
2119.769964,2422.90598,0.457567646,0.011221506,0.028764926,0.130057888,4.149716048,16321.10916,2651.384507,0.194001775,0.100008644,32.2191954,674,7380000
2446.387031,2480.03358,0.191635459,0.00814567,0.007654478,0.162880649,2.321690655,7440.212061,3794.845577,0.538555404,0.100584,33.03643678,659,7370000
2271.657952,2778.340612,0.25431065,0.013095652,0.004906312,0.178373212,6.990009159,9699.669952,2281.319861,0.298627078,0.102124691,35.28988506,653,7380000
2458.193314,2717.123705,0.366188429,0.01679847,0.011774221,0.236962091,4.019477016,7042.79269,2181.095928,0.69265738,0.115993194,28.70114943,613,7380000
2265.795621,2491.710395,0.133764944,0.002386541,0.001478533,0.226949642,3.680883458,15105.12803,2380.335782,0.364098754,0.103792415,32.14183908,647,7390000
2291.207218,2551.312987,0.390842006,0.002454561,0.003727081,0.498401562,3.70164573,10402.53134,2458.308597,0.293536083,0.103605761,35.27425287,642,7390000
2430.486854,2432.267121,0.353913799,0.018883618,0.021398429,0.478121475,5.769585423,11789.48873,2064.695026,0.271426014,0.110628681,39.89816092,643,7370000
2542.254338,2515.838746,0.268317529,0.018134586,0.057546815,0.455995406,5.041339025,6202.551587,1951.131323,0.535437295,0.106201293,13.82506024,576,7370000
2455.148135,2781.888411,0.156822397,0.002709564,0.002668468,0.121328292,5.193617037,9559.931364,1998.27115,0.310635224,0.109100368,36.35252874,669,7380000
2190.819094,2608.166706,0.406547017,0.020579654,0.039877033,0.275615077,4.844954626,5739.955556,3515.628114,0.628098318,0.100279931,34.44252874,652,7380000
2223.916536,2512.957372,0.483566248,0.007564128,0.019143777,0.202594153,3.272756965,10484.22647,2126.141754,0.504630553,0.101182263,35.73931034,661,7380000
2320.210828,2667.672059,0.341017897,0.034748503,0.006773983,0.355420419,3.568768337,17804.05336,1927.436667,0.540573085,0.103598486,30.79068966,613,7370000
2226.393391,2512.568335,0.106430914,0.003624283,0.006488787,0.440543794,4.087227777,7303.075236,2465.148528,0.37452919,0.10371838,34.16436782,675,7380000
2104.667559,2581.015221,0.28719822,0.037156107,0.055131131,0.204218375,6.489728651,7277.147942,2926.209129,0.192316543,0.109434714,32.65804598,661,7380000
2518.43124,2565.474141,0.23717515,0.008566623,0.002531511,0.112693355,5.431541708,7369.812061,1918.009936,0.395448683,0.100521524,32.71954023,662,7380000
2211.382873,2404.847591,0.33113261,0.009804969,0.048718005,0.304979567,3.579809969,19044.96096,1742.513575,0.602161464,0.100517169,35.00908046,616,7380000
2288.718457,2708.186184,0.181377761,0.008366355,0.013118272,0.241587196,3.362097493,10255.7165,1522.031922,0.850369841,0.100263892,29.58321839,648,7390000
2165.844486,2751.051382,0.179634741,0.003267772,0.037574112,0.132140771,4.061171485,5950.531723,3629.970472,0.248467252,0.101071431,32.97436782,655,7390000
2365.315933,2511.137259,0.22491097,0.011635471,0.01779575,0.127179192,2.793702268,17071.88318,2308.359674,0.258296248,0.103358345,33.32528736,627,7370000
2283.276366,2587.404712,0.210009694,0.004772751,0.024184087,0.301954079,5.912982971,4973.961174,3560.898377,0.315270956,0.105519779,35.33954023,637,7370000
2201.279788,2550.298454,0.226795582,0.035623264,0.007237196,0.103582765,3.980454398,9063.565655,3018.16587,0.152308375,0.105036172,37.31862069,667,7380000
2234.62408,2741.715723,0.451985526,0.027846663,0.007856793,0.488825577,5.31337618,13914.83292,2043.225987,0.520443743,0.113323157,32.21068966,637,7360000
2139.505533,2757.541855,0.117701583,0.019701484,0.006030619,0.133796349,2.386406156,8378.188791,2170.088936,0.415674,0.100102758,31.76793103,655,7380000
2149.798681,2572.124946,0.415670628,0.007005646,0.003902362,0.360066596,5.508332619,9422.832999,2698.683133,0.14878486,0.107595331,36.35793103,646,7380000
2407.319437,2677.564412,0.316234404,0.01940894,0.010758694,0.291891605,7.385053093,3966.492022,2658.055273,0.665419127,0.100064956,37.10310345,646,7380000
2241.408368,2475.203232,0.137853669,0.038897283,0.002628316,0.255059335,6.711461744,9498.691158,1961.839907,0.454116006,0.106386543,33.13425287,615,7380000
2165.069437,2694.717046,0.153763557,0.008226782,0.005095392,0.167258012,5.576194608,6630.998114,1988.704859,0.430806706,0.103203051,33.87804598,624,7380000
2326.176419,2622.366877,0.378798299,0.008740671,0.002715544,0.415575994,3.098987604,15773.03378,2278.032795,0.715411031,0.101353204,35.36287356,626,7380000
2216.093069,2700.486987,0.494319162,0.005146857,0.010252447,0.408395089,5.44586739,12531.75014,2359.74464,0.926591582,0.102465278,29.86528736,642,7370000
2245.13793,2697.445956,0.211105812,0.002098619,0.002349062,0.153322681,4.030196534,5504.47349,2591.465056,0.681786247,0.10102863,31.99229885,647,7380000
2266.51959,2662.744758,0.208564472,0.002230374,0.044064582,0.490689661,4.86626534,16211.36457,3004.32967,0.434877358,0.10327299,33.98885057,660,7370000
2401.534131,2614.504789,0.172638729,0.015263493,0.009526592,0.151884545,6.966036332,16402.32433,2625.366683,0.401625701,0.100065672,32.04551724,642,7380000
2444.357128,2617.503624,0.37827879,0.00373719,0.001067717,0.369983045,3.212567393,4555.568143,1652.047575,0.700735737,0.101277123,32.06965517,636,7380000
2498.06128,2631.81576,0.190041598,0.006944873,0.002863127,0.145739318,4.434252004,5996.145769,2030.491196,0.422822633,0.100125113,31.56597701,642,7380000
2395.709963,2505.091887,0.129657823,0.004420107,0.003237698,0.319974365,6.429779684,11417.78271,2075.241356,0.649920703,0.100541117,33.20448276,655,7380000
2384.560349,2765.98945,0.300391446,0.012755453,0.020505576,0.28218379,3.253138762,5151.03991,1612.65189,0.112490995,0.107898374,37.76229885,664,7380000
2508.126078,2521.474861,0.248855668,0.028704145,0.001182353,0.124458246,3.78482288,12942.93022,1636.692011,0.838762962,0.100359612,2.915844156,562,7370000
